timestamp,question,answer,rating,source,question_type
2026-05-23T17:14:17.942649+00:00,I need to think about it,"I'll show you exactly how we arrived at the trade value so there are no surprises. Fairness matters more than pressure here.
Principle: Transparency builds trust and lowers defensiveness.
Customer question: I need to think about it
Salesperson answer: Let's compare apples to apples: miles, condition, fees, reconditioning, and warranty. If this one wins on real value, would you feel good about taking the next step.
Principle: Conflict resolution through objective comparison.
Customer question: I need to think about it
Salesperson answer: I'll show you exactly how we arrived at the trade value so there are no surprises. Fairness matters more than pressure here.
Principle: Transparency builds trust and lowers defensiveness.
Customer question: I need to think about it
Salesperson answer: Let's compare apples to apples: miles, condition, fees, reconditioning, and warranty. If this one wins on real value, would you feel good about taking the next step.
Principle: Conflict resolution through objective comparison.
Customer question: I need to think about",,sales_finetune,sales
2026-05-23T17:14:18.000339+00:00,Do you have a 2024 Ford F-150 in stock?,"Yes, I found 5 in-stock matches for 2024 Ford F-150. Top matches: 2024 Ford F-150 King Ranch ($67,977); 2024 Ford F-150 Lariat ($66,977); 2024 Ford F-150 Raptor ($82,977). Want me to narrow this by budget or preferred trim?",,inventory,inventory
2026-05-23T17:17:55.889674+00:00,Do you have a 2024 Ford F-150 Lariat in stock?,"Yes, I found 1 in-stock match for 2024 Ford F-150 Lariat. Top matches: 2024 Ford F-150 Lariat ($66,977). Want me to narrow this by budget or preferred trim?",,inventory,inventory
2026-05-23T17:27:49.563383+00:00,Towing capacity for Ford 150,"Payload for the Ford F-150 typically ranges around 1,400-2,450 lbs. Check the door-jamb payload sticker on the exact vehicle because trim level and options can change real payload significantly.",,knowledge_base,general
2026-05-23T17:28:03.191959+00:00,Chevy trax pricing,"Off-road capability notes for the Chevrolet Trax: urban crossover focus. Tire choice, skid protection, and low-range/locker availability matter more than badge alone on difficult terrain.",,knowledge_base,general
2026-05-23T17:28:12.241206+00:00,Traverse trim levels,"I do not have an answer for that yet. Please try rephrasing your question or ask about specs, trims, towing, pricing, or financing.",,fallback,general
2026-05-23T17:28:21.310877+00:00,Trim levels Chevy 1500 and Chevy 2500,"Across the GMC Sierra 1500 lineup, outpu",,knowledge_base,general
2026-05-23T17:28:28.482004+00:00,?,"I do not have an answer for that yet. Please try rephrasing your question or ask about specs, trims, towing, pricing, or financing.",,fallback,general
2026-05-23T17:28:37.364600+00:00,Get me details abt the Ford 150,"The Ford F-150 usually seats 3-6 and offers about 52.8-77.4 cu ft bed of cargo volume, depending on row configuration and whether rear seats are folded.",,knowledge_base,general
2026-05-23T17:29:02.970194+00:00,Get me details for the Chevy trucks,"The Chevrolet Silverado 1500 commonly uses 8-speed or 10-speed automatic. Exact transmission mapping depends on trim and engine, so confirm build details when comparing two specific vehicles.",,knowledge_base,general
2026-05-23T17:29:52.212413+00:00,Get me info abt the escalade,"A typical starting MSRP for the Chevrolet Equinox is around $29,000-$37,000, with higher trims and packages increasing final transaction price.",,knowledge_base,general
2026-05-23T17:30:04.766301+00:00,Why,"The Subaru Impreza can be a strong option for off-road weekend trails depending on configuration. Use towing/payload specs (not rated/700-900 lbs), efficiency (29-34 combined), and trim-specific tech to match your exact use pattern.",,knowledge_base,general
2026-05-23T17:30:29.446078+00:00,Chevy equinox awd trim levels,"It can. On many Toyota Tundra configurations, 4WD/AWD adds weight that may reduce payload versus equivalent 2WD/FWD trims. Use the exact door-sticker payload value to confirm.",,knowledge_base,general
2026-05-23T17:30:49.431083+00:00,Chevy tahoe trim levels,"On the Chevrolet Tahoe, LT usually focuses on value essentials, while higher trims add premium materials, larger infotainment screens, additional driver-assistance features, and in some cases upgraded powertrains or suspension tuning.",,knowledge_base,general
2026-05-23T17:31:29.242372+00:00,Chevy traverse awd pricing,"A typical starting MSRP for the Chevrolet Traverse is around $38,000-$56,000, with higher trims and packages increasing final transaction price.",,knowledge_base,general
2026-05-23T17:32:22.514559+00:00,Chevy suburban price,"A typical starting MSRP for the Chevrolet Suburban is around $61,000-$83,000, with higher trims and packages increasing final transaction price.",,knowledge_base,general
2026-05-23T17:32:52.912728+00:00,Chevy Silverado towing,"The Chevrolet Silverado HD (2500/3500) is generally rated around 14,500-36,000 lbs when properly equipped. Final towing depends on engine choice, drivetrain, axle ratio, cab/body style, and factory towing package.",,knowledge_base,general
2026-05-23T17:33:16.618157+00:00,Chevy Silverado pricing,"Off-road capability notes for the Chevrolet Silverado 1500: up to 11.2 in clearance on ZR2. Tire choice, skid protection, and low-range/locker availability matter more than badge alone on difficult terrain.",,knowledge_base,general
2026-05-23T17:33:25.763019+00:00,Price for Chevy silr,"I do not have an answer for that yet. Please try rephrasing your question or ask about specs, trims, towing, pricing, or financing.",,fallback,general
2026-05-23T17:33:46.669368+00:00,Chevy equinox price,"A typical starting MSRP for the Chevrolet Equinox is around $29,000-$37,000, with higher trims and packages increasing final transaction price.",,knowledge_base,general
2026-05-23T17:34:09.225386+00:00,Horsepower on Chevy equinox,"Depending on engine or powertrain, the Chevrolet Equinox is commonly in the 175 hp and 203 lb-ft range. Higher-output trims usually trade some efficiency for stronger acceleration or towing confidence.",,knowledge_base,general
2026-05-23T17:45:07.609224+00:00,Price for Chevy Silverado,"Off-road capability notes for the Chevrolet Silverado 1500: up to 11.2 in clearance on ZR2. Tire choice, skid protection, and low-range/locker availability matter more than badge alone on difficult terrain.",,knowledge_base,general
2026-05-23T17:45:15.254996+00:00,Get me the price for Chevy Silverado,"Off-road capability notes for the Chevrolet Silverado 1500: up to 11.2 in clearance on ZR2. Tire choice, skid protection, and low-range/locker availability matter more than badge alone on difficult terrain.",,knowledge_base,general
2026-05-23T21:40:14.829655+00:00,What is AWD?,"AWD sends power to all four wheels to improve traction. Sources: Knowledge Base, Wikipedia.",,multi_source,general_knowledge
2026-05-23T21:41:47.097190+00:00,Tell me everything about the blue F-150 with the tow package,"The best current match is the 2021 Ford F-150 XLT. It is listed at $39,995. Color: Blue Mileage: 22,111 Horsepower: 400 Torque: 500 lb-ft Towing: 13,000 lbs Highway MPG: 24.0. Sources: Live Inventory, Knowledge Base, Wikipedia.",,multi_source,general_knowledge
2026-05-23T21:41:51.769992+00:00,What is AWD?,"AWD sends power to all four wheels for improved traction. Sources: Knowledge Base, Wikipedia.",,multi_source,general_knowledge
2026-05-23T21:42:19.217070+00:00,Tell me everything about the blue F-150 with the tow package,"The best current match is the 2021 Ford F-150 XLT. It is listed at $39,995. Color: Blue Mileage: 22,111 Horsepower: 400 Torque: 500 lb-ft Towing: 13,000 lbs Highway MPG: 24.0. NHTSA shows an overall safety rating of 5 with 0 listed recall record(s). FuelEconomy.gov lists combined MPG at 21 and annual fuel cost at 2450. Sources: Live Inventory, Knowledge Base, Wikipedia, NHTSA, FuelEconomy.gov.",,multi_source,general_knowledge
2026-05-23T21:42:23.344306+00:00,What is AWD?,"AWD sends power to all four wheels for improved traction. Sources: Knowledge Base, Wikipedia.",,multi_source,general_knowledge
2026-05-23T22:02:25.686360+00:00,What is AWD?,"rivetrain options for the Hyundai Ioniq 6 typically include RWD or AWD. AWD/4WD improves traction in rain or snow, while 2WD/FWD often lowers purchase price and running cost.

Question: How many seats does the Hyundai Ioniq 6 have and how much cargo space is there?
Answer: The Hyundai Ioniq 6 usually seats 5 and offers about 11.2 cu ft trunk of cargo volume, depending on row configuration and whether rear seats are folded.

Question: What safety features are standard on the Hyundai Ioniq 6?
Answ Sources: Knowledge Base.",,knowledge_base,general_knowledge
2026-05-23T22:26:01.855938+00:00,What is AWD?,"from Toyota, you get a 12mo/12k mile comprehensive warranty plus 7yr/100k powertrain. At Imperial, we also offer a 90-day/3,000 mile limited warranty on all used vehicles. I can check the specific car's history. [Question: How much is a 2023 GMC Sierra 1500 elevation?] Answer: The 2023 GMC Sierra 1500 Elevation typically lists between $55k and $65k new, depending on options. Used ones with reasonable mileage usually range from $48k to $58k. I can check our inventory for a specific vehicle - just Sources: Knowledge Base.",,knowledge_base,general_knowledge
2026-05-23T22:38:42.823351+00:00,What is AWD?,"from Toyota, you get a 12mo/12k mile comprehensive warranty plus 7yr/100k powertrain. At Imperial, we also offer a 90-day/3,000 mile limited warranty on all used vehicles. I can check the specific car's history. [Question: How much is a 2023 GMC Sierra 1500 elevation?] Answer: The 2023 GMC Sierra 1500 Elevation typically lists between $55k and $65k new, depending on options. Used ones with reasonable mileage usually range from $48k to $58k. I can check our inventory for a specific vehicle - just Sources: Knowledge Base.",,knowledge_base,general_knowledge
2026-05-23T22:57:24.844701+00:00,ford 150 vs chevy colarado towing,"The best current match is the 2026 Ford F-150 XL. It is listed at $45,150. FuelEconomy.gov lists combined MPG at Unknown and annual fuel cost at Unknown. Sources: Live Inventory, Knowledge Base, FuelEconomy.gov.",,multi_source,comparison
2026-05-23T22:58:28.915882+00:00,show me the trim levels for chevy,"I gathered the available vehicle, knowledge base, and external-source data I could reach for your question. FuelEconomy.gov lists combined MPG at Unknown and annual fuel cost at Unknown. I did not find an exact inventory match with the current filters, so broadening the trim, drivetrain, or budget will help. Sources: Knowledge Base, FuelEconomy.gov.",,multi_source,inventory_search
2026-05-23T22:59:16.150615+00:00,traverse pricing,"er depending on brand and state.

Question: What is the starting MSRP for the Chevrolet Traverse?
Answer: A typical starting MSRP for the Chevrolet Traverse is around $38,000-$56,000, with higher trims and packages increasing final transaction price.

Question: How capable is the Chevrolet Traverse off-road?
Answer: Off-road capability notes for the Chevrolet Traverse: Z71 adds AWD-specific tuning. Tire choice, skid protection, and low-range/locker availability matter more than badge alone on di FuelEconomy.gov lists combined MPG at Unknown and annual fuel cost at Unknown. Sources: Knowledge Base, FuelEconomy.gov.",,multi_source,general_knowledge
2026-05-23T23:57:55.471733+00:00,help me pick from gmc or ford,"estion: Is the GMC Canyon reliable for long-term ownership?
Answer: The GMC Canyon can be reliable with proper maintenance intervals and quality service records. Long-term durability varies by powertrain and usage intensity, especially for towing or heavy urban stop-go duty.

Question: Should I choose 2WD or AWD/4WD for the Ford Mustang Mach-E?
Answer: For the Ford Mustang Mach-E, RWD or AWD are typical choices. AWD/4WD helps in low-traction weather and trail use, while 2WD/FWD can reduce upfron FuelEconomy.gov lists combined MPG at Unknown and annual fuel cost at Unknown. Sources: Knowledge Base, FuelEconomy.gov.",,multi_source,general_knowledge
2026-05-24T01:19:27.051461+00:00,ford f-150 vs chevy colorado towing,"I gathered the available vehicle, knowledge base, and external-source data I could reach for your question. I did not find an exact inventory match with the current filters, so broadening the trim, drivetrain, or budget will help. Sources: Knowledge Base.",,knowledge_base,comparison
2026-05-24T01:19:31.253485+00:00,show me the trim levels for chevy,"I gathered the available vehicle, knowledge base, and external-source data I could reach for your question. I did not find an exact inventory match with the current filters, so broadening the trim, drivetrain, or budget will help. Sources: Knowledge Base.",,knowledge_base,inventory_search
2026-05-24T01:19:35.420935+00:00,traverse pricing,"A typical starting MSRP for the Chevrolet Traverse is around $38,000-$56,000, with higher trims and packages increasing final transaction price. Sources: Knowledge Base.",,knowledge_base,general_knowledge
2026-05-24T01:19:39.558888+00:00,help me pick from gmc or ford,"For the Ford Mustang Mach-E, RWD or AWD are typical choices. AWD/4WD helps in low-traction weather and trail use, while 2WD/FWD can reduce upfront and operating cost for mostly dry-road driving. Sources: Knowledge Base.",,knowledge_base,general_knowledge
2026-05-24T01:21:52.830026+00:00,ford f-150 vs chevy colorado towing,"I gathered the available vehicle, knowledge base, and external-source data I could reach for your question. I did not find an exact inventory match with the current filters, so broadening the trim, drivetrain, or budget will help. Sources: Knowledge Base.",,knowledge_base,comparison
2026-05-24T01:21:57.096215+00:00,show me the trim levels for chevy,"I gathered the available vehicle, knowledge base, and external-source data I could reach for your question. I did not find an exact inventory match with the current filters, so broadening the trim, drivetrain, or budget will help. Sources: Knowledge Base.",,knowledge_base,inventory_search
2026-05-24T01:22:01.350012+00:00,traverse pricing,"A typical starting MSRP for the Chevrolet Traverse is around $38,000-$56,000, with higher trims and packages increasing final transaction price. Sources: Knowledge Base.",,knowledge_base,general_knowledge
2026-05-24T01:22:05.606395+00:00,help me pick from gmc or ford,"For the Ford Mustang Mach-E, RWD or AWD are typical choices. AWD/4WD helps in low-traction weather and trail use, while 2WD/FWD can reduce upfront and operating cost for mostly dry-road driving. Sources: Knowledge Base.",,knowledge_base,general_knowledge
2026-05-24T01:25:48.691950+00:00,ford f-150 vs chevy colorado towing,"I compared 2026 Ford F-150 XL and 2026 Chevrolet Colorado ZR2. On price, 2026 Ford F-150 XL is currently lower in our inventory snapshot. I can also compare towing, MPG, safety, and payment fit if you share your priorities. NHTSA shows an overall safety rating of Unknown with 1 listed recall record(s). Sources: Live Inventory, Knowledge Base, NHTSA.",,multi_source,comparison
2026-05-24T01:25:54.215510+00:00,show me the trim levels for chevy,"The best current match is the 2027 Chevrolet Bolt LT. It is listed at $29,626. FuelEconomy.gov reports combined MPG 27, city MPG 24, highway MPG 33. Sources: Live Inventory, Knowledge Base, FuelEconomy.gov.",,multi_source,inventory_search
2026-05-24T01:26:03.605960+00:00,traverse pricing,"The best current match is the 2026 Chevrolet Traverse LT. It is listed at $45,852. NHTSA shows an overall safety rating of Unknown with 1 listed recall record(s). Sources: Live Inventory, Knowledge Base, NHTSA.",,multi_source,general_knowledge
2026-05-24T01:26:12.810907+00:00,help me pick from gmc or ford,"The best current match is the 2026 Ford Maverick XL. It is listed at $32,805. NHTSA shows an overall safety rating of Unknown with 5 listed recall record(s). Sources: Live Inventory, Knowledge Base, NHTSA.",,multi_source,general_knowledge
2026-05-24T01:34:50.821727+00:00,Do you have a blue Ford F-150 with a tow package?,"The 2022 Ford F-150 has a maximum towing capacity of 14,000 lbs when equipped with the 3.5L EcoBoost V6 and Max Trailer Tow Package. Exact capacity depends on engine, cab, and axle configuration. I can check the exact number for a specific truck if you provide the VIN or stock number. [Question: Do you have any Chevy Silverados under $45k on the lot?] Answer: Yes, I can check our current inventory for Chevy Silverado 1500 models priced under $45,000. Please give me a moment, or better - tell me Sources: Knowledge Base.",,knowledge_base,general_knowledge
2026-05-24T01:34:56.544361+00:00,Compare the Ford F-150 and Chevy Colorado for towing capacity and fuel economy.,"The best current match is the 2026 Ford F-150 XL. It is listed at $45,150. Sources: Live Inventory, Knowledge Base.",,multi_source,comparison
2026-05-24T01:35:00.784157+00:00,"Show me SUVs with 3rd row seating under $35,000.","The GMC HUMMER EV Pickup/SUV usually seats 5 and offers about pickup bed + frunk / SUV rear cargo of cargo volume, depending on row configuration and whether rear seats are folded. Sources: Knowledge Base.",,knowledge_base,general_knowledge
2026-05-24T01:35:04.995505+00:00,What's the difference between AWD and 4WD?,"I gathered the available vehicle, knowledge base, and external-source data I could reach for your question. I did not find an exact inventory match with the current filters, so broadening the trim, drivetrain, or budget will help. Sources: Knowledge Base.",,knowledge_base,comparison
2026-05-24T01:35:15.909442+00:00,How safe is the 2024 Honda CR-V?,"The best current match is the 2024 Honda CR-V EX-L. It is listed at $40,977. Mileage: 4,540. Sources: Live Inventory, Knowledge Base.",,multi_source,safety_check
2026-05-24T01:35:20.142373+00:00,"Which truck on your lot can tow my 8,000 lb boat and has the best fuel economy?","I gathered the available vehicle, knowledge base, and external-source data I could reach for your question. Sources: Knowledge Base.",,knowledge_base,fuel_economy
2026-05-24T01:35:25.720429+00:00,Is the 2023 Toyota Camry reliable for long-term ownership?,"I gathered the available vehicle, knowledge base, and external-source data I could reach for your question. I did not find an exact inventory match with the current filters, so broadening the trim, drivetrain, or budget will help. Sources: Knowledge Base.",,knowledge_base,inventory_search
2026-05-24T01:35:29.893759+00:00,Tell me about the cheapest truck you have.,"The Ram Ram HD (2500/3500) seats about 3-6 and offers around standard/long bed of cargo volume. Bring strollers, sports gear, or child seats to your test drive to validate real-world fit. Sources: Knowledge Base.",,knowledge_base,general_knowledge
2026-05-24T01:35:34.102185+00:00,What's the starting MSRP for a Chevrolet Traverse?,"The best current match is the 2026 Chevrolet Traverse LT. It is listed at $45,852. NHTSA shows an overall safety rating of Unknown with 1 listed recall record(s). Sources: Live Inventory, Knowledge Base, NHTSA.",,multi_source,general_knowledge
2026-05-24T01:35:38.289379+00:00,Help me pick between GMC and Ford for a work truck.,"I gathered the available vehicle, knowledge base, and external-source data I could reach for your question. I did not find an exact inventory match with the current filters, so broadening the trim, drivetrain, or budget will help. Sources: Knowledge Base.",,knowledge_base,inventory_search
2026-05-24T01:35:42.474643+00:00,"I need a car that fits 3 car seats, has AWD, and gets good gas mileage.","I gathered the available vehicle, knowledge base, and external-source data I could reach for your question. Sources: Knowledge Base.",,knowledge_base,fuel_economy
2026-05-24T01:35:48.192045+00:00,Does a used 2022 Lexus RX hold its resale value?,"I gathered the available vehicle, knowledge base, and external-source data I could reach for your question. I did not find an exact inventory match with the current filters, so broadening the trim, drivetrain, or budget will help. Sources: Knowledge Base.",,knowledge_base,inventory_search
2026-05-24T01:36:35.540745+00:00,Do you have a blue Ford F-150 with a tow package?,"The 2022 Ford F-150 has a maximum towing capacity of 14,000 lbs when equipped with the 3.5L EcoBoost V6 and Max Trailer Tow Package. Exact capacity depends on engine, cab, and axle configuration. I can check the exact number for a specific truck if you provide the VIN or stock number. [Question: Do you have any Chevy Silverados under $45k on the lot?] Answer: Yes, I can check our current inventory for Chevy Silverado 1500 models priced under $45,000. Please give me a moment, or better - tell me Sources: Knowledge Base.",,knowledge_base,general_knowledge
2026-05-24T01:36:40.491795+00:00,Compare the Ford F-150 and Chevy Colorado for towing capacity and fuel economy.,"The best current match is the 2026 Ford F-150 XL. It is listed at $45,150. Sources: Live Inventory, Knowledge Base.",,multi_source,comparison
2026-05-24T01:36:44.736130+00:00,"Show me SUVs with 3rd row seating under $35,000.","The GMC HUMMER EV Pickup/SUV usually seats 5 and offers about pickup bed + frunk / SUV rear cargo of cargo volume, depending on row configuration and whether rear seats are folded. Sources: Knowledge Base.",,knowledge_base,general_knowledge
2026-05-24T01:36:49.001885+00:00,What's the difference between AWD and 4WD?,"I gathered the available vehicle, knowledge base, and external-source data I could reach for your question. I did not find an exact inventory match with the current filters, so broadening the trim, drivetrain, or budget will help. Sources: Knowledge Base.",,knowledge_base,comparison
2026-05-24T01:36:53.952576+00:00,How safe is the 2024 Honda CR-V?,"The best current match is the 2024 Honda CR-V EX-L. It is listed at $40,977. Mileage: 4,540. NHTSA shows an overall safety rating of Unknown with 2 listed recall record(s). Sources: Live Inventory, Knowledge Base, NHTSA.",,multi_source,safety_check
2026-05-24T01:36:58.170359+00:00,"Which truck on your lot can tow my 8,000 lb boat and has the best fuel economy?","I gathered the available vehicle, knowledge base, and external-source data I could reach for your question. Sources: Knowledge Base.",,knowledge_base,fuel_economy
2026-05-24T01:37:03.018387+00:00,Is the 2023 Toyota Camry reliable for long-term ownership?,"I gathered the available vehicle, knowledge base, and external-source data I could reach for your question. I did not find an exact inventory match with the current filters, so broadening the trim, drivetrain, or budget will help. Sources: Knowledge Base.",,knowledge_base,inventory_search
2026-05-24T01:37:07.194647+00:00,Tell me about the cheapest truck you have.,"The Ram Ram HD (2500/3500) seats about 3-6 and offers around standard/long bed of cargo volume. Bring strollers, sports gear, or child seats to your test drive to validate real-world fit. Sources: Knowledge Base.",,knowledge_base,general_knowledge
2026-05-24T01:37:11.395620+00:00,What's the starting MSRP for a Chevrolet Traverse?,"The best current match is the 2026 Chevrolet Traverse LT. It is listed at $45,852. NHTSA shows an overall safety rating of Unknown with 1 listed recall record(s). Sources: Live Inventory, Knowledge Base, NHTSA.",,multi_source,general_knowledge
2026-05-24T01:37:15.555182+00:00,Help me pick between GMC and Ford for a work truck.,"I gathered the available vehicle, knowledge base, and external-source data I could reach for your question. I did not find an exact inventory match with the current filters, so broadening the trim, drivetrain, or budget will help. Sources: Knowledge Base.",,knowledge_base,inventory_search
2026-05-24T01:37:19.765396+00:00,"I need a car that fits 3 car seats, has AWD, and gets good gas mileage.","I gathered the available vehicle, knowledge base, and external-source data I could reach for your question. Sources: Knowledge Base.",,knowledge_base,fuel_economy
2026-05-24T01:37:24.594986+00:00,Does a used 2022 Lexus RX hold its resale value?,"I gathered the available vehicle, knowledge base, and external-source data I could reach for your question. I did not find an exact inventory match with the current filters, so broadening the trim, drivetrain, or budget will help. Sources: Knowledge Base.",,knowledge_base,inventory_search
2026-05-24T01:38:00.140611+00:00,Do you have a blue Ford F-150 with a tow package?,"The 2022 Ford F-150 has a maximum towing capacity of 14,000 lbs when equipped with the 3.5L EcoBoost V6 and Max Trailer Tow Package. Exact capacity depends on engine, cab, and axle configuration. I can check the exact number for a specific truck if you provide the VIN or stock number. [Question: Do you have any Chevy Silverados under $45k on the lot?] Answer: Yes, I can check our current inventory for Chevy Silverado 1500 models priced under $45,000. Please give me a moment, or better - tell me Sources: Knowledge Base.",,knowledge_base,general_knowledge
2026-05-24T01:38:05.207714+00:00,Compare the Ford F-150 and Chevy Colorado for towing capacity and fuel economy.,"The best current match is the 2026 Ford F-150 XL. It is listed at $45,150. Sources: Live Inventory, Knowledge Base.",,multi_source,comparison
2026-05-24T01:38:09.445428+00:00,"Show me SUVs with 3rd row seating under $35,000.","The GMC HUMMER EV Pickup/SUV usually seats 5 and offers about pickup bed + frunk / SUV rear cargo of cargo volume, depending on row configuration and whether rear seats are folded. Sources: Knowledge Base.",,knowledge_base,general_knowledge
2026-05-24T01:38:13.693091+00:00,What's the difference between AWD and 4WD?,"I gathered the available vehicle, knowledge base, and external-source data I could reach for your question. I did not find an exact inventory match with the current filters, so broadening the trim, drivetrain, or budget will help. Sources: Knowledge Base.",,knowledge_base,comparison
2026-05-24T01:38:17.986715+00:00,How safe is the 2024 Honda CR-V?,"The best current match is the 2024 Honda CR-V EX-L. It is listed at $40,977. Mileage: 4,540. NHTSA shows an overall safety rating of Unknown with 2 listed recall record(s). Sources: Live Inventory, Knowledge Base, NHTSA.",,multi_source,safety_check
2026-05-24T01:38:22.245533+00:00,"Which truck on your lot can tow my 8,000 lb boat and has the best fuel economy?","I gathered the available vehicle, knowledge base, and external-source data I could reach for your question. Sources: Knowledge Base.",,knowledge_base,fuel_economy
2026-05-24T01:38:27.352231+00:00,Is the 2023 Toyota Camry reliable for long-term ownership?,"I gathered the available vehicle, knowledge base, and external-source data I could reach for your question. I did not find an exact inventory match with the current filters, so broadening the trim, drivetrain, or budget will help. Sources: Knowledge Base.",,knowledge_base,inventory_search
2026-05-24T01:38:31.570999+00:00,Tell me about the cheapest truck you have.,"The Ram Ram HD (2500/3500) seats about 3-6 and offers around standard/long bed of cargo volume. Bring strollers, sports gear, or child seats to your test drive to validate real-world fit. Sources: Knowledge Base.",,knowledge_base,general_knowledge
2026-05-24T01:38:35.779824+00:00,What's the starting MSRP for a Chevrolet Traverse?,"The best current match is the 2026 Chevrolet Traverse LT. It is listed at $45,852. NHTSA shows an overall safety rating of Unknown with 1 listed recall record(s). Sources: Live Inventory, Knowledge Base, NHTSA.",,multi_source,general_knowledge
